{"cameraMode":{"drawMode":0,"name":"Shaded","section":"Shading Mode"},"sceneLighting":true,"audioPlay":false,"sceneViewState":{"showFog":true,"showMaterialUpdate":false,"showSkybox":true,"showFlares":true,"showImageEffects":true,"showParticleSystems":true},"in2DMode":false,"pivot":{"x":3.092914581298828,"y":-0.3895092010498047,"z":9.151235580444336},"rotation":{"x":-0.23216839134693147,"y":-0.0052550737746059898,"z":0.0012543388875201345,"w":-0.9726613759994507},"size":37.616310119628909,"orthographic":false}