{"cameraMode":{"drawMode":0,"name":"Shaded","section":"Shading Mode"},"sceneLighting":true,"audioPlay":false,"sceneViewState":{"showFog":true,"showMaterialUpdate":false,"showSkybox":true,"showFlares":true,"showImageEffects":true,"showParticleSystems":true},"in2DMode":false,"pivot":{"x":0.42735230922698977,"y":-41.65641784667969,"z":21.061323165893556},"rotation":{"x":-0.49628016352653506,"y":0.0018206383101642132,"z":-0.0010409330716356636,"w":-0.8681606650352478},"size":86.18706512451172,"orthographic":false}